end,start,tweet_count
2023-01-02T00:00:00.000Z,2023-01-01T00:00:00.000Z,435
2023-01-03T00:00:00.000Z,2023-01-02T00:00:00.000Z,534
2023-01-04T00:00:00.000Z,2023-01-03T00:00:00.000Z,691
2023-01-05T00:00:00.000Z,2023-01-04T00:00:00.000Z,759
2023-01-06T00:00:00.000Z,2023-01-05T00:00:00.000Z,590
2023-01-07T00:00:00.000Z,2023-01-06T00:00:00.000Z,436
2023-01-08T00:00:00.000Z,2023-01-07T00:00:00.000Z,423
2023-01-09T00:00:00.000Z,2023-01-08T00:00:00.000Z,508
2023-01-10T00:00:00.000Z,2023-01-09T00:00:00.000Z,720
2023-01-11T00:00:00.000Z,2023-01-10T00:00:00.000Z,952
2023-01-12T00:00:00.000Z,2023-01-11T00:00:00.000Z,842
2023-01-13T00:00:00.000Z,2023-01-12T00:00:00.000Z,532
2023-01-14T00:00:00.000Z,2023-01-13T00:00:00.000Z,837
2023-01-15T00:00:00.000Z,2023-01-14T00:00:00.000Z,478
2023-01-16T00:00:00.000Z,2023-01-15T00:00:00.000Z,378
2023-01-17T00:00:00.000Z,2023-01-16T00:00:00.000Z,534
2023-01-18T00:00:00.000Z,2023-01-17T00:00:00.000Z,743
2023-01-19T00:00:00.000Z,2023-01-18T00:00:00.000Z,699
2023-01-20T00:00:00.000Z,2023-01-19T00:00:00.000Z,636
2023-01-21T00:00:00.000Z,2023-01-20T00:00:00.000Z,646
2023-01-22T00:00:00.000Z,2023-01-21T00:00:00.000Z,503
2023-01-23T00:00:00.000Z,2023-01-22T00:00:00.000Z,767
2023-01-24T00:00:00.000Z,2023-01-23T00:00:00.000Z,873
2023-01-25T00:00:00.000Z,2023-01-24T00:00:00.000Z,514
2023-01-26T00:00:00.000Z,2023-01-25T00:00:00.000Z,654
2023-01-27T00:00:00.000Z,2023-01-26T00:00:00.000Z,771
2023-01-28T00:00:00.000Z,2023-01-27T00:00:00.000Z,957
2023-01-29T00:00:00.000Z,2023-01-28T00:00:00.000Z,696
2023-01-30T00:00:00.000Z,2023-01-29T00:00:00.000Z,395
2023-01-31T00:00:00.000Z,2023-01-30T00:00:00.000Z,704
2023-02-02T00:00:00.000Z,2023-02-01T00:00:00.000Z,693
2023-02-03T00:00:00.000Z,2023-02-02T00:00:00.000Z,632
2023-02-04T00:00:00.000Z,2023-02-03T00:00:00.000Z,583
2023-02-05T00:00:00.000Z,2023-02-04T00:00:00.000Z,406
2023-02-06T00:00:00.000Z,2023-02-05T00:00:00.000Z,422
2023-02-07T00:00:00.000Z,2023-02-06T00:00:00.000Z,721
2023-02-08T00:00:00.000Z,2023-02-07T00:00:00.000Z,705
2023-02-09T00:00:00.000Z,2023-02-08T00:00:00.000Z,666
2023-02-10T00:00:00.000Z,2023-02-09T00:00:00.000Z,668
2023-02-11T00:00:00.000Z,2023-02-10T00:00:00.000Z,747
2023-02-12T00:00:00.000Z,2023-02-11T00:00:00.000Z,780
2023-02-13T00:00:00.000Z,2023-02-12T00:00:00.000Z,551
2023-02-14T00:00:00.000Z,2023-02-13T00:00:00.000Z,557
2023-02-15T00:00:00.000Z,2023-02-14T00:00:00.000Z,685
2023-02-16T00:00:00.000Z,2023-02-15T00:00:00.000Z,677
2023-02-17T00:00:00.000Z,2023-02-16T00:00:00.000Z,729
2023-02-18T00:00:00.000Z,2023-02-17T00:00:00.000Z,722
2023-02-19T00:00:00.000Z,2023-02-18T00:00:00.000Z,505
2023-02-20T00:00:00.000Z,2023-02-19T00:00:00.000Z,615
2023-02-21T00:00:00.000Z,2023-02-20T00:00:00.000Z,630
2023-02-22T00:00:00.000Z,2023-02-21T00:00:00.000Z,626
2023-02-23T00:00:00.000Z,2023-02-22T00:00:00.000Z,704
2023-02-24T00:00:00.000Z,2023-02-23T00:00:00.000Z,676
2023-02-25T00:00:00.000Z,2023-02-24T00:00:00.000Z,650
2023-02-26T00:00:00.000Z,2023-02-25T00:00:00.000Z,419
2023-02-27T00:00:00.000Z,2023-02-26T00:00:00.000Z,626
2023-02-28T00:00:00.000Z,2023-02-27T00:00:00.000Z,880
2023-03-02T00:00:00.000Z,2023-03-01T00:00:00.000Z,772
2023-03-03T00:00:00.000Z,2023-03-02T00:00:00.000Z,853
2023-03-04T00:00:00.000Z,2023-03-03T00:00:00.000Z,914
2023-03-05T00:00:00.000Z,2023-03-04T00:00:00.000Z,516
2023-03-06T00:00:00.000Z,2023-03-05T00:00:00.000Z,759
2023-03-07T00:00:00.000Z,2023-03-06T00:00:00.000Z,851
2023-03-08T00:00:00.000Z,2023-03-07T00:00:00.000Z,868
2023-03-09T00:00:00.000Z,2023-03-08T00:00:00.000Z,1204
2023-03-10T00:00:00.000Z,2023-03-09T00:00:00.000Z,1344
2023-03-11T00:00:00.000Z,2023-03-10T00:00:00.000Z,1318
2023-03-12T00:00:00.000Z,2023-03-11T00:00:00.000Z,646
2023-03-13T00:00:00.000Z,2023-03-12T00:00:00.000Z,634
2023-03-14T00:00:00.000Z,2023-03-13T00:00:00.000Z,5528
2023-03-15T00:00:00.000Z,2023-03-14T00:00:00.000Z,4470
2023-03-16T00:00:00.000Z,2023-03-15T00:00:00.000Z,3257
2023-03-17T00:00:00.000Z,2023-03-16T00:00:00.000Z,2801
2023-03-18T00:00:00.000Z,2023-03-17T00:00:00.000Z,2674
2023-03-19T00:00:00.000Z,2023-03-18T00:00:00.000Z,1115
2023-03-20T00:00:00.000Z,2023-03-19T00:00:00.000Z,736
2023-03-21T00:00:00.000Z,2023-03-20T00:00:00.000Z,1199
2023-03-22T00:00:00.000Z,2023-03-21T00:00:00.000Z,1628
2023-03-23T00:00:00.000Z,2023-03-22T00:00:00.000Z,1232
2023-03-24T00:00:00.000Z,2023-03-23T00:00:00.000Z,899
2023-03-25T00:00:00.000Z,2023-03-24T00:00:00.000Z,908
2023-03-26T00:00:00.000Z,2023-03-25T00:00:00.000Z,667
2023-03-27T00:00:00.000Z,2023-03-26T00:00:00.000Z,631
2023-03-28T00:00:00.000Z,2023-03-27T00:00:00.000Z,1228
2023-03-29T00:00:00.000Z,2023-03-28T00:00:00.000Z,1369
2023-03-30T00:00:00.000Z,2023-03-29T00:00:00.000Z,1301
2023-03-31T00:00:00.000Z,2023-03-30T00:00:00.000Z,1180
